file,0011.fd2,,,,
date,2015-Sep-17 01:15:42,,,,
desc,FFT Data,,,,
note,,,,,
ch_name,Ch2,,,,
ch_type,Cross Spectrum,,,,
x_unit,Hz,,,,
y_unit,mm/s*mm/s,,,,
window,Rectangular,1.00E+00,,,
weighting,None,,,,
detection,rms,,,,
overall,0.000000e+000 rms,,,,
ref_ch_name,Ch1,,,,
ref_ch_id,+1X,,,,
ref_y_unit,mm/s,,,,
db_ref,1.00E+00,,,,
slice,Off,0.00E+00,,,
rpm,2.81E+03,,,,
time,2015-Sep-17 01:15:42,,,,
data,,,,,
x,y(re),y(im),y(magn),y(rad),y(dB)
0.00E+00,0.605334,0.00E+00,1.62E-09,0.00E+00,-1.76E+02
2.50E+00,0.748619,5.78E+00,6.20E+01,3.05E+00,3.58E+01
5.00E+00,1.292153,1.94E+00,1.63E+01,3.02E+00,2.42E+01
7.50E+00,1.473586,2.13E+00,7.04E+00,2.83E+00,1.70E+01
1.00E+01,1.25309,1.45E+00,4.38E+00,2.80E+00,1.28E+01
1.25E+01,2.262642,1.18E+00,2.95E+00,2.73E+00,9.39E+00
1.50E+01,1.829737,1.12E+00,2.32E+00,2.64E+00,7.32E+00
1.75E+01,0.694906,9.84E-01,1.93E+00,2.61E+00,5.71E+00
2.00E+01,-0.133976,9.79E-01,1.66E+00,2.51E+00,4.41E+00
2.25E+01,-1.130253,1.02E+00,1.63E+00,2.47E+00,4.24E+00
2.50E+01,-0.658284,9.86E-01,1.47E+00,2.41E+00,3.36E+00
2.75E+01,-0.771813,1.09E+00,1.53E+00,2.35E+00,3.72E+00
3.00E+01,-0.812708,1.24E+00,1.68E+00,2.31E+00,4.50E+00
3.25E+01,-0.594043,1.48E+00,1.93E+00,2.27E+00,5.71E+00
3.50E+01,-0.598773,1.91E+00,2.41E+00,2.23E+00,7.63E+00
3.75E+01,-0.516678,2.71E+00,3.32E+00,2.19E+00,1.04E+01
4.00E+01,-0.665914,4.46E+00,5.34E+00,2.15E+00,1.46E+01
4.25E+01,-1.27903,9.93E+00,1.16E+01,2.12E+00,2.13E+01
4.50E+01,-1.041291,4.97E+01,5.72E+01,2.09E+00,3.51E+01
4.75E+01,-1.198461,3.39E+02,3.84E+02,2.06E+00,5.17E+01
5.00E+01,-1.392559,1.31E+01,1.48E+01,2.06E+00,2.34E+01
5.25E+01,-1.240882,3.83E+00,4.24E+00,2.01E+00,1.25E+01
5.50E+01,-0.589617,1.69E+00,1.84E+00,1.99E+00,5.32E+00
5.75E+01,-0.35493,9.05E-01,9.80E-01,1.96E+00,-1.78E-01
6.00E+01,0.243232,5.48E-01,5.89E-01,1.95E+00,-4.60E+00
6.25E+01,0.43733,3.56E-01,3.80E-01,1.93E+00,-8.41E+00
6.50E+01,0.686666,2.44E-01,2.57E-01,1.88E+00,-1.18E+01
6.75E+01,1.038697,1.74E-01,1.84E-01,1.90E+00,-1.47E+01
7.00E+01,1.146733,1.29E-01,1.36E-01,1.90E+00,-1.73E+01
7.25E+01,0.886105,9.85E-02,1.03E-01,1.87E+00,-1.97E+01
7.50E+01,1.472823,7.65E-02,7.93E-02,1.84E+00,-2.20E+01
7.75E+01,1.204718,6.05E-02,6.30E-02,1.86E+00,-2.40E+01
8.00E+01,1.477095,4.77E-02,4.92E-02,1.82E+00,-2.62E+01
8.25E+01,2.451399,3.97E-02,4.11E-02,1.83E+00,-2.77E+01
8.50E+01,1.828211,3.19E-02,3.32E-02,1.85E+00,-2.96E+01
8.75E+01,0.904874,2.67E-02,2.75E-02,1.81E+00,-3.12E+01
9.00E+01,-0.19013,2.34E-02,2.41E-02,1.82E+00,-3.24E+01
9.25E+01,-0.372936,2.10E-02,2.12E-02,1.71E+00,-3.35E+01
9.50E+01,-0.182958,1.99E-02,2.31E-02,2.10E+00,-3.27E+01
9.75E+01,-0.090335,1.78E-02,2.39E-02,2.30E+00,-3.24E+01
1.00E+02,-0.17716,-1.83E-02,2.33E-02,-9.02E-01,-3.27E+01
1.03E+02,-0.144505,8.24E-03,8.79E-03,1.21E+00,-4.11E+01
1.05E+02,-0.295572,7.36E-03,7.48E-03,1.40E+00,-4.25E+01
1.08E+02,-0.127262,6.93E-03,6.96E-03,1.47E+00,-4.31E+01
1.10E+02,-0.075991,6.20E-03,6.21E-03,1.51E+00,-4.41E+01
1.13E+02,-0.291299,5.75E-03,5.77E-03,1.66E+00,-4.48E+01
1.15E+02,-0.065462,4.89E-03,4.90E-03,1.62E+00,-4.62E+01
1.18E+02,-0.111545,5.36E-03,5.37E-03,1.49E+00,-4.54E+01
1.20E+02,-0.133671,4.05E-03,4.07E-03,1.68E+00,-4.78E+01
1.23E+02,-0.699789,3.81E-03,3.82E-03,1.63E+00,-4.84E+01
1.25E+02,-1.012756,3.47E-03,3.47E-03,1.59E+00,-4.92E+01
1.28E+02,-1.41087,3.02E-03,3.03E-03,1.65E+00,-5.04E+01
1.30E+02,-0.903653,2.34E-03,2.38E-03,1.40E+00,-5.25E+01
1.33E+02,-1.044496,2.59E-03,2.67E-03,1.82E+00,-5.15E+01
1.35E+02,-0.296335,2.33E-03,2.40E-03,1.82E+00,-5.24E+01
1.38E+02,0.647603,2.03E-03,2.05E-03,1.71E+00,-5.38E+01
1.40E+02,1.032746,3.76E-03,4.44E-03,2.13E+00,-4.71E+01
1.43E+02,1.024201,1.04E-03,1.06E-03,1.75E+00,-5.95E+01
1.45E+02,2.267677,3.31E-04,8.87E-04,2.76E+00,-6.10E+01
1.48E+02,1.59566,-5.96E-03,9.64E-03,-6.67E-01,-4.03E+01
1.50E+02,1.931363,-2.24E-02,3.98E-02,-5.98E-01,-2.80E+01
1.53E+02,2.18955,1.29E-03,3.04E-03,4.38E-01,-5.03E+01
1.55E+02,1.522568,1.33E-03,1.79E-03,8.35E-01,-5.49E+01
1.58E+02,0.923185,1.52E-03,1.78E-03,1.02E+00,-5.50E+01
1.60E+02,-0.41734,1.11E-03,1.17E-03,1.25E+00,-5.86E+01
1.63E+02,-0.58626,9.73E-04,1.25E-03,8.94E-01,-5.81E+01
1.65E+02,-0.356151,1.51E-03,1.51E-03,1.65E+00,-5.64E+01
1.68E+02,-0.248268,1.09E-03,1.09E-03,1.54E+00,-5.93E+01
1.70E+02,-0.159001,1.78E-03,1.81E-03,1.76E+00,-5.48E+01
1.73E+02,-0.551317,1.37E-03,1.38E-03,1.65E+00,-5.72E+01
1.75E+02,0.000458,9.87E-04,1.00E-03,1.75E+00,-6.00E+01
1.78E+02,-0.057985,-4.21E-04,1.08E-03,-4.00E-01,-5.93E+01
1.80E+02,-0.03235,1.15E-03,1.20E-03,1.29E+00,-5.84E+01
1.83E+02,-0.670034,1.59E-03,1.66E-03,1.29E+00,-5.56E+01
1.85E+02,-0.834223,1.56E-03,1.57E-03,1.45E+00,-5.61E+01
1.88E+02,-1.320841,4.88E-03,5.29E-03,1.17E+00,-4.55E+01
1.90E+02,-1.170842,3.35E-03,3.93E-03,1.02E+00,-4.81E+01
1.93E+02,-1.14307,3.68E-04,6.05E-04,6.53E-01,-6.44E+01
1.95E+02,-1.186712,5.27E-03,5.46E-03,1.31E+00,-4.53E+01
1.98E+02,-1.324961,3.91E-03,4.04E-03,1.82E+00,-4.79E+01
2.00E+02,-0.384075,7.74E-03,7.75E-03,1.63E+00,-4.22E+01
2.03E+02,-0.28077,1.12E-04,1.29E-03,3.05E+00,-5.78E+01
2.05E+02,0.260475,-2.39E-02,3.24E-02,-8.31E-01,-2.98E+01
2.08E+02,0.666219,-1.11E-03,2.98E-03,-3.81E-01,-5.05E+01
2.10E+02,0.57802,-2.10E-03,2.41E-03,-2.08E+00,-5.24E+01
2.13E+02,0.861232,-4.57E-04,1.04E-03,-4.56E-01,-5.97E+01
2.15E+02,1.623432,1.84E-04,4.34E-04,4.39E-01,-6.72E+01
2.18E+02,1.096377,-1.54E-04,3.08E-04,-5.23E-01,-7.02E+01
2.20E+02,0.961791,1.19E-04,2.45E-04,5.06E-01,-7.22E+01
2.23E+02,1.276131,4.40E-04,4.99E-04,1.08E+00,-6.60E+01
2.25E+02,0.534989,-1.21E-04,1.83E-04,-2.42E+00,-7.48E+01
2.28E+02,0.307321,-2.16E-04,2.19E-04,-1.74E+00,-7.32E+01
2.30E+02,-0.480361,-5.35E-05,1.90E-04,-2.85E-01,-7.44E+01
2.33E+02,-0.421155,5.88E-05,3.55E-04,1.67E-01,-6.90E+01
2.35E+02,0.834834,1.64E-04,1.22E-03,3.01E+00,-5.83E+01
2.38E+02,0.368511,1.78E-04,1.99E-04,2.03E+00,-7.40E+01
2.40E+02,0.784173,7.11E-04,7.11E-04,1.53E+00,-6.30E+01
2.43E+02,0.015107,8.94E-05,1.31E-04,2.39E+00,-7.77E+01
2.45E+02,0.6798,7.87E-04,8.34E-04,1.23E+00,-6.16E+01
2.48E+02,0.580309,-2.95E-04,5.28E-04,-2.55E+00,-6.56E+01
2.50E+02,0.031434,-5.96E-04,1.93E-03,-3.13E-01,-5.43E+01
2.53E+02,-0.460372,-3.91E-03,8.08E-03,-5.04E-01,-4.18E+01
2.55E+02,-0.744499,-3.17E-06,3.43E-04,-9.23E-03,-6.93E+01
2.58E+02,-0.985137,-1.31E-04,6.63E-04,-1.99E-01,-6.36E+01
2.60E+02,-0.829798,2.40E-04,3.25E-04,8.33E-01,-6.98E+01
2.63E+02,-0.73336,2.79E-04,2.79E-04,1.55E+00,-7.11E+01
2.65E+02,-1.020844,5.36E-05,1.94E-04,2.80E-01,-7.42E+01
2.68E+02,-0.659505,9.09E-05,2.33E-04,4.01E-01,-7.27E+01
2.70E+02,-0.395825,-1.25E-05,1.33E-04,-9.41E-02,-7.75E+01
2.73E+02,-0.516678,6.37E-04,9.37E-04,7.48E-01,-6.06E+01
2.75E+02,0.298624,1.86E-04,3.65E-04,5.34E-01,-6.87E+01
2.78E+02,0.60564,4.97E-04,6.45E-04,8.81E-01,-6.38E+01
2.80E+02,0.512863,5.03E-04,7.05E-04,7.95E-01,-6.30E+01
2.83E+02,1.263466,3.79E-04,9.81E-04,3.96E-01,-6.02E+01
2.85E+02,0.984832,4.12E-04,9.74E-04,4.36E-01,-6.02E+01
2.88E+02,0.808435,2.86E-04,8.10E-04,3.60E-01,-6.18E+01
2.90E+02,1.62862,9.24E-04,1.02E-03,1.14E+00,-5.99E+01
2.93E+02,1.554612,2.16E-03,3.62E-03,6.39E-01,-4.88E+01
2.95E+02,0.87817,6.17E-03,7.53E-03,9.62E-01,-4.25E+01
2.98E+02,0.248726,2.84E-02,3.65E-02,8.93E-01,-2.88E+01
3.00E+02,-1.006958,7.78E-02,9.27E-02,9.96E-01,-2.07E+01
3.03E+02,-1.563615,5.93E-03,6.63E-03,1.11E+00,-4.36E+01
3.05E+02,-1.166112,1.85E-03,2.25E-03,9.61E-01,-5.30E+01
3.08E+02,-1.068148,4.95E-04,5.71E-04,1.05E+00,-6.49E+01
3.10E+02,-0.917539,6.72E-04,7.03E-04,1.27E+00,-6.31E+01
3.13E+02,-0.824305,2.31E-04,2.34E-04,1.41E+00,-7.26E+01
3.15E+02,-0.394909,2.27E-04,2.49E-04,1.15E+00,-7.21E+01
3.18E+02,0.017396,5.25E-05,5.50E-05,1.27E+00,-8.52E+01
3.20E+02,0.030976,2.34E-05,7.03E-05,2.80E+00,-8.31E+01
3.23E+02,0.277871,2.67E-05,4.08E-05,2.43E+00,-8.78E+01
3.25E+02,-0.101627,3.59E-06,4.14E-05,3.05E+00,-8.77E+01
3.28E+02,-0.231483,-5.97E-07,2.68E-04,-3.14E+00,-7.14E+01
3.30E+02,-0.543229,2.39E-06,3.36E-05,3.07E+00,-8.95E+01
3.33E+02,-0.690939,2.50E-05,4.16E-05,2.50E+00,-8.76E+01
3.35E+02,-1.060518,-1.29E-05,1.68E-05,-2.27E+00,-9.55E+01
3.38E+02,-1.325113,-7.64E-05,7.69E-05,-1.69E+00,-8.23E+01
3.40E+02,-1.252632,1.51E-05,2.34E-05,7.02E-01,-9.26E+01
3.43E+02,-1.162602,1.58E-06,1.51E-05,3.04E+00,-9.64E+01
3.45E+02,-0.271615,-4.38E-05,1.45E-04,-2.83E+00,-7.68E+01
3.48E+02,0.143132,1.03E-05,1.67E-05,2.47E+00,-9.55E+01
3.50E+02,-0.228584,-5.93E-06,2.69E-05,-2.92E+00,-9.14E+01
3.53E+02,0.595111,-6.56E-06,3.87E-05,-1.70E-01,-8.82E+01
3.55E+02,0.702994,6.27E-06,6.30E-06,1.67E+00,-1.04E+02
3.58E+02,0.711234,-9.44E-06,9.44E-06,-1.55E+00,-1.01E+02
3.60E+02,1.730857,6.24E-06,6.45E-06,1.31E+00,-1.04E+02
3.63E+02,1.563921,-2.83E-06,2.96E-06,-1.87E+00,-1.11E+02
3.65E+02,1.037171,-6.33E-06,1.21E-05,-2.59E+00,-9.84E+01
3.68E+02,0.559862,4.24E-07,2.28E-06,2.95E+00,-1.13E+02
3.70E+02,-0.101016,2.57E-06,3.25E-06,2.23E+00,-1.10E+02
3.73E+02,-0.816065,-4.57E-06,4.57E-06,-1.58E+00,-1.07E+02
3.75E+02,-1.375164,5.48E-06,9.00E-06,2.49E+00,-1.01E+02
3.78E+02,-1.492202,1.94E-07,4.22E-06,3.10E+00,-1.07E+02
3.80E+02,-1.064638,-1.59E-06,6.44E-06,-2.50E-01,-1.04E+02
3.83E+02,-0.667592,-1.32E-05,1.53E-05,-2.10E+00,-9.63E+01
3.85E+02,-0.743736,-2.78E-05,3.25E-05,-1.02E+00,-8.98E+01
3.88E+02,-0.613574,1.29E-05,1.31E-05,1.74E+00,-9.77E+01
3.90E+02,-0.650654,-1.00E-05,1.46E-05,-7.53E-01,-9.67E+01
3.93E+02,-0.480056,6.29E-05,7.16E-05,2.07E+00,-8.29E+01
3.95E+02,-0.879543,7.35E-06,7.36E-06,1.51E+00,-1.03E+02
3.98E+02,-1.419263,1.61E-05,1.76E-05,1.16E+00,-9.51E+01
4.00E+02,-1.592303,1.24E-05,1.42E-05,1.05E+00,-9.69E+01
4.03E+02,-1.54271,-8.34E-06,2.01E-05,-4.27E-01,-9.39E+01
4.05E+02,-1.521652,-1.36E-05,1.41E-05,-1.32E+00,-9.70E+01
4.08E+02,-0.973235,2.67E-07,9.32E-07,2.90E-01,-1.21E+02
4.10E+02,-0.227821,1.01E-05,2.23E-05,4.68E-01,-9.30E+01
4.13E+02,0.21485,-7.54E-06,9.41E-06,-9.29E-01,-1.01E+02
4.15E+02,1.228522,-1.02E-05,1.26E-05,-9.41E-01,-9.80E+01
4.18E+02,1.227149,2.85E-06,2.90E-06,1.39E+00,-1.11E+02
4.20E+02,0.587786,1.35E-05,1.44E-05,1.22E+00,-9.68E+01
4.23E+02,1.188085,9.43E-05,1.61E-04,6.27E-01,-7.59E+01
4.25E+02,1.262245,-1.76E-05,1.76E-05,-1.54E+00,-9.51E+01
4.28E+02,1.091799,-2.43E-04,2.47E-04,-1.40E+00,-7.21E+01
4.30E+02,2.738425,8.65E-06,9.23E-06,1.21E+00,-1.01E+02
4.33E+02,2.601092,7.10E-06,2.99E-05,2.40E-01,-9.05E+01
4.35E+02,1.491592,-5.78E-07,1.62E-06,-3.64E-01,-1.16E+02
4.38E+02,0.276803,2.92E-06,3.57E-06,9.58E-01,-1.09E+02
4.40E+02,-0.605945,-5.83E-06,1.98E-05,-2.99E-01,-9.41E+01
4.43E+02,-0.410169,1.44E-06,1.46E-05,9.90E-02,-9.67E+01
4.45E+02,-0.723136,1.29E-06,6.08E-06,2.13E-01,-1.04E+02
4.48E+02,0.073397,-2.45E-06,3.16E-05,-7.76E-02,-9.00E+01
4.50E+02,0.652486,-1.53E-05,2.03E-05,-8.49E-01,-9.38E+01
4.53E+02,1.0477,-1.01E-05,1.49E-05,-7.44E-01,-9.66E+01
4.55E+02,1.357615,-3.34E-05,3.96E-05,-1.00E+00,-8.81E+01
4.58E+02,1.107822,-4.27E-04,4.54E-04,-1.22E+00,-6.69E+01
4.60E+02,0.033265,-5.73E-04,5.74E-04,-1.51E+00,-6.48E+01
4.63E+02,0.141911,-1.36E-05,3.17E-05,-4.43E-01,-9.00E+01
4.65E+02,-0.351573,1.35E-04,1.48E-04,1.98E+00,-7.66E+01
4.68E+02,-0.151067,1.09E-05,2.23E-05,2.63E+00,-9.30E+01
4.70E+02,-0.253914,-6.17E-06,1.03E-05,-2.50E+00,-9.98E+01
4.73E+02,-0.582598,5.14E-06,1.78E-05,2.85E+00,-9.50E+01
4.75E+02,-1.254616,1.60E-07,1.36E-05,3.13E+00,-9.73E+01
4.78E+02,-1.644337,-3.70E-06,3.77E-06,-1.76E+00,-1.08E+02
4.80E+02,-1.350291,-1.47E-06,5.14E-06,-2.85E+00,-1.06E+02
4.83E+02,-0.771202,-1.41E-05,1.59E-05,-2.06E+00,-9.59E+01
4.85E+02,-0.285806,-1.92E-05,2.98E-05,-2.44E+00,-9.05E+01
4.88E+02,-0.384533,3.72E-07,1.20E-05,3.09E-02,-9.84E+01
4.90E+02,-0.516373,-2.24E-06,4.00E-06,-5.96E-01,-1.08E+02
4.93E+02,-0.216071,6.51E-08,3.34E-06,3.12E+00,-1.10E+02
4.95E+02,0.03647,3.30E-07,3.47E-06,3.05E+00,-1.09E+02
4.98E+02,0.429395,6.57E-06,6.87E-06,1.27E+00,-1.03E+02
5.00E+02,1.146275,-7.35E-06,7.78E-06,-1.24E+00,-1.02E+02
5.03E+02,0.751976,-4.70E-06,8.53E-06,-2.56E+00,-1.01E+02
5.05E+02,0.003357,-6.57E-05,6.63E-05,-1.43E+00,-8.36E+01
5.08E+02,-0.966368,-5.82E-06,8.16E-06,-2.35E+00,-1.02E+02
5.10E+02,-1.020081,-5.98E-05,9.66E-05,-6.68E-01,-8.03E+01
5.13E+02,-0.643788,-8.44E-06,1.39E-05,-6.52E-01,-9.71E+01
5.15E+02,-1.195562,-1.54E-04,1.95E-04,-9.08E-01,-7.42E+01
5.18E+02,-1.476943,-1.21E-05,1.26E-05,-1.28E+00,-9.80E+01
5.20E+02,-1.070894,-1.04E-07,4.24E-06,-3.12E+00,-1.07E+02
5.23E+02,-0.436415,-5.95E-07,7.19E-07,-2.17E+00,-1.23E+02
5.25E+02,-0.308084,3.99E-06,4.03E-06,1.43E+00,-1.08E+02
5.28E+02,-0.182043,-5.29E-05,5.30E-05,-1.63E+00,-8.55E+01
5.30E+02,-0.382549,-6.98E-06,6.98E-06,-1.57E+00,-1.03E+02
5.33E+02,-0.386059,-5.78E-06,6.68E-06,-1.05E+00,-1.04E+02
5.35E+02,-0.693533,-3.20E-06,3.43E-06,-1.94E+00,-1.09E+02
5.38E+02,-0.574663,-4.47E-06,7.63E-06,-2.52E+00,-1.02E+02
5.40E+02,-0.575426,-6.39E-07,1.99E-06,-2.82E+00,-1.14E+02
5.43E+02,-0.375072,4.33E-06,9.57E-06,4.69E-01,-1.00E+02
5.45E+02,-0.691549,2.65E-06,8.86E-06,3.04E-01,-1.01E+02
5.48E+02,-0.658589,1.63E-06,2.72E-05,6.01E-02,-9.13E+01
5.50E+02,-0.543382,5.26E-05,1.32E-04,4.09E-01,-7.76E+01
5.53E+02,0.152135,1.09E-03,1.45E-03,8.43E-01,-5.67E+01
5.55E+02,1.122165,6.73E-05,6.92E-05,1.33E+00,-8.32E+01
5.58E+02,0.986358,3.24E-05,3.48E-05,1.20E+00,-8.92E+01
5.60E+02,0.892666,9.93E-06,1.06E-05,1.20E+00,-9.95E+01
5.63E+02,1.355327,-1.84E-06,1.39E-05,-1.32E-01,-9.71E+01
5.65E+02,1.060823,8.52E-06,1.01E-05,1.00E+00,-9.99E+01
5.68E+02,0.918912,-3.27E-06,8.79E-06,-3.81E-01,-1.01E+02
5.70E+02,1.544389,1.39E-05,1.98E-05,7.83E-01,-9.41E+01
5.73E+02,0.800348,2.08E-06,7.81E-06,2.70E-01,-1.02E+02
5.75E+02,0.307626,5.42E-06,5.52E-06,1.76E+00,-1.05E+02
5.78E+02,-0.884884,-5.09E-06,5.37E-06,-1.90E+00,-1.05E+02
5.80E+02,-1.340373,4.49E-05,4.60E-05,1.34E+00,-8.67E+01
5.83E+02,-1.0477,4.56E-06,5.57E-06,2.18E+00,-1.05E+02
5.85E+02,-1.099734,3.98E-06,4.03E-06,1.40E+00,-1.08E+02
5.88E+02,-0.741447,1.78E-06,7.40E-06,2.43E-01,-1.03E+02
5.90E+02,-0.706808,-3.09E-06,4.14E-06,-2.30E+00,-1.08E+02
5.93E+02,-0.521409,1.66E-05,1.67E-05,1.64E+00,-9.56E+01
5.95E+02,-0.310221,3.61E-06,7.06E-06,2.61E+00,-1.03E+02
5.98E+02,-0.615558,1.46E-05,1.12E-04,1.31E-01,-7.90E+01
6.00E+02,-0.824457,-5.85E-06,5.86E-06,-1.64E+00,-1.05E+02
6.03E+02,-1.125522,-2.63E-06,3.82E-04,-6.89E-03,-6.84E+01
6.05E+02,-1.174657,2.72E-05,2.83E-05,1.86E+00,-9.10E+01
6.08E+02,-0.958281,-9.24E-05,9.25E-05,-1.53E+00,-8.07E+01
6.10E+02,-1.54683,-9.14E-05,1.13E-04,-9.44E-01,-7.89E+01
6.13E+02,-1.311533,-7.45E-06,1.02E-05,-2.32E+00,-9.98E+01
6.15E+02,-1.012451,-2.90E-05,8.08E-05,-3.68E-01,-8.19E+01
6.18E+02,-0.366527,1.54E-05,1.87E-05,9.68E-01,-9.46E+01
6.20E+02,0.376293,-3.46E-07,5.70E-07,-6.52E-01,-1.25E+02
6.23E+02,0.418866,-5.45E-07,5.07E-06,-1.08E-01,-1.06E+02
6.25E+02,0.690023,2.43E-06,4.71E-06,5.41E-01,-1.07E+02
6.28E+02,0.266732,5.29E-06,1.23E-05,4.44E-01,-9.82E+01
6.30E+02,0.023347,-3.56E-06,5.74E-06,-6.70E-01,-1.05E+02
6.33E+02,0.345927,1.51E-05,2.33E-05,7.04E-01,-9.27E+01
6.35E+02,0.687582,3.70E-05,6.10E-05,6.50E-01,-8.43E+01
6.38E+02,1.111026,2.05E-06,6.10E-06,2.80E+00,-1.04E+02
6.40E+02,2.091433,1.77E-06,5.20E-06,3.46E-01,-1.06E+02
6.43E+02,1.535691,-3.97E-06,7.43E-06,-5.64E-01,-1.03E+02
6.45E+02,0.654774,-9.90E-06,2.30E-05,-4.46E-01,-9.28E+01
6.48E+02,0.60213,-9.68E-06,9.68E-06,-1.57E+00,-1.00E+02
6.50E+02,0.211646,4.46E-05,5.21E-05,1.03E+00,-8.57E+01
6.53E+02,0.623951,-2.71E-05,2.92E-05,-1.19E+00,-9.07E+01
6.55E+02,0.432142,-1.61E-04,3.29E-04,-5.11E-01,-6.96E+01
6.58E+02,0.862605,1.93E-05,1.06E-04,1.84E-01,-7.95E+01
6.60E+02,0.979033,-1.75E-05,1.18E-04,-1.49E-01,-7.86E+01
6.63E+02,1.474807,3.37E-05,4.56E-05,8.31E-01,-8.68E+01
6.65E+02,2.032074,-5.88E-05,8.62E-05,-7.50E-01,-8.13E+01
6.68E+02,0.922727,7.44E-06,1.09E-05,7.48E-01,-9.92E+01
6.70E+02,0.376598,1.11E-05,3.05E-05,3.74E-01,-9.03E+01
6.73E+02,-0.503555,1.11E-05,4.35E-05,2.58E-01,-8.72E+01
6.75E+02,-0.917539,8.60E-06,1.21E-05,7.95E-01,-9.84E+01
6.78E+02,-0.904111,3.24E-06,1.16E-05,2.86E+00,-9.87E+01
6.80E+02,-0.910825,3.33E-07,3.40E-05,9.79E-03,-8.94E+01
6.83E+02,-1.308023,-2.08E-06,9.01E-06,-2.91E+00,-1.01E+02
6.85E+02,-0.988494,1.50E-05,5.22E-05,2.91E-01,-8.56E+01
6.88E+02,-0.202338,-1.21E-05,1.33E-05,-1.99E+00,-9.75E+01
6.90E+02,-0.494705,-7.05E-06,2.74E-05,-2.60E-01,-9.12E+01
6.93E+02,0.003357,-2.11E-05,2.95E-05,-7.95E-01,-9.06E+01
6.95E+02,0.515915,-7.88E-05,8.91E-05,-1.09E+00,-8.10E+01
6.98E+02,0.984069,-7.88E-05,2.82E-04,-2.83E-01,-7.10E+01
7.00E+02,1.52974,-1.21E-05,2.86E-05,-4.36E-01,-9.09E+01
7.03E+02,2.32139,1.09E-03,1.53E-03,7.96E-01,-5.63E+01
7.05E+02,1.467329,5.61E-05,6.85E-05,2.18E+00,-8.33E+01
7.08E+02,2.233344,1.12E-03,1.16E-03,1.30E+00,-5.87E+01
7.10E+02,2.618487,4.35E-04,4.36E-04,1.64E+00,-6.72E+01
7.13E+02,1.854304,1.74E-05,5.74E-05,2.83E+00,-8.48E+01
7.15E+02,0.973998,3.29E-06,1.90E-05,1.74E-01,-9.44E+01
7.18E+02,0.29313,-3.85E-06,5.18E-06,-8.39E-01,-1.06E+02
7.20E+02,0.909299,6.13E-06,6.15E-06,1.65E+00,-1.04E+02
7.23E+02,0.853602,-5.67E-07,1.47E-05,-3.85E-02,-9.66E+01
7.25E+02,0.518357,3.35E-06,4.73E-06,2.35E+00,-1.07E+02
7.28E+02,0.114292,1.97E-06,4.06E-06,2.63E+00,-1.08E+02
7.30E+02,0.389263,-1.74E-06,2.03E-06,-1.03E+00,-1.14E+02
7.33E+02,0.75808,1.53E-06,1.84E-06,9.85E-01,-1.15E+02
7.35E+02,0.873134,6.04E-06,1.23E-05,2.63E+00,-9.82E+01
7.38E+02,0.571306,1.97E-05,4.88E-05,4.15E-01,-8.62E+01
7.40E+02,0.04944,-1.33E-05,2.80E-05,-2.65E+00,-9.11E+01
7.43E+02,0.119785,1.98E-05,2.09E-05,1.90E+00,-9.36E+01
7.45E+02,-0.026704,1.12E-05,1.84E-05,2.49E+00,-9.47E+01
7.48E+02,-0.008087,-2.45E-05,4.43E-05,-2.56E+00,-8.71E+01
7.50E+02,-0.512863,-1.49E-05,6.06E-05,-2.89E+00,-8.44E+01
7.53E+02,-1.29963,4.18E-05,4.30E-05,1.81E+00,-8.73E+01
7.55E+02,-0.74221,-1.34E-05,1.64E-05,-9.61E-01,-9.57E+01
7.58E+02,-0.725577,2.14E-05,2.27E-05,1.91E+00,-9.29E+01
7.60E+02,-0.429243,5.22E-06,5.31E-06,1.39E+00,-1.06E+02
7.63E+02,0.096286,9.01E-06,9.01E-06,1.57E+00,-1.01E+02
7.65E+02,0.820642,2.32E-06,2.76E-06,9.97E-01,-1.11E+02
7.68E+02,0.638447,4.48E-06,2.54E-05,2.96E+00,-9.19E+01
7.70E+02,1.713003,4.51E-07,1.51E-06,2.84E+00,-1.16E+02
7.73E+02,1.985076,-2.72E-06,2.74E-06,-1.45E+00,-1.11E+02
7.75E+02,1.427503,5.08E-06,5.90E-06,2.10E+00,-1.05E+02
7.78E+02,2.542649,-2.06E-06,2.70E-06,-8.66E-01,-1.11E+02
7.80E+02,2.103488,7.85E-06,1.22E-05,2.44E+00,-9.83E+01
7.83E+02,1.2537,8.68E-06,1.84E-05,2.65E+00,-9.47E+01
7.85E+02,0.619831,-8.55E-06,9.57E-06,-2.04E+00,-1.00E+02
7.88E+02,-0.545823,4.53E-05,5.61E-05,2.20E+00,-8.50E+01
7.90E+02,-1.386913,-1.75E-05,6.40E-04,-3.11E+00,-6.39E+01
7.93E+02,-1.181524,7.07E-05,9.63E-05,2.32E+00,-8.03E+01
7.95E+02,-0.620136,2.70E-04,1.04E-03,2.88E+00,-5.96E+01
7.98E+02,-0.403149,3.06E-04,9.17E-04,2.80E+00,-6.08E+01
8.00E+02,-0.400098,1.45E-05,1.46E-05,1.47E+00,-9.67E+01
8.03E+02,-0.259865,5.47E-04,1.01E-03,2.57E+00,-6.00E+01
8.05E+02,-0.248115,-2.29E-05,4.08E-04,-3.09E+00,-6.78E+01
8.08E+02,-0.45381,2.39E-06,1.15E-04,3.12E+00,-7.88E+01
8.10E+02,-0.299539,-4.25E-06,1.24E-05,-2.79E+00,-9.81E+01
8.13E+02,-0.440229,5.65E-06,8.21E-05,3.07E+00,-8.17E+01
8.15E+02,-0.677053,-1.01E-06,2.88E-06,-2.78E+00,-1.11E+02
8.18E+02,-0.743431,-4.64E-06,2.28E-05,-2.94E+00,-9.28E+01
8.20E+02,-0.573443,-1.63E-06,6.23E-06,-2.88E+00,-1.04E+02
8.23E+02,-0.716574,1.81E-05,1.90E-05,1.88E+00,-9.44E+01
8.25E+02,-0.634937,7.47E-06,8.42E-05,3.05E+00,-8.15E+01
8.28E+02,-0.048219,5.11E-06,1.55E-05,2.81E+00,-9.62E+01
8.30E+02,0.469527,8.62E-06,9.99E-05,3.06E+00,-8.00E+01
8.33E+02,1.248664,2.78E-05,5.49E-05,2.61E+00,-8.52E+01
8.35E+02,1.187627,-9.62E-06,4.55E-05,-2.93E+00,-8.68E+01
8.38E+02,0.821558,-4.84E-04,1.80E-03,-2.87E+00,-5.49E+01
8.40E+02,1.631366,3.25E-05,1.41E-04,2.91E+00,-7.70E+01
8.43E+02,1.347392,5.54E-05,7.02E-05,9.11E-01,-8.31E+01
8.45E+02,0.880154,-3.11E-05,3.22E-05,-1.84E+00,-8.98E+01
8.48E+02,1.791283,-5.33E-06,1.21E-05,-2.69E+00,-9.83E+01
8.50E+02,1.599017,7.69E-05,7.54E-04,3.04E+00,-6.24E+01
8.53E+02,0.924253,1.04E-05,6.71E-05,2.99E+00,-8.35E+01
8.55E+02,0.211188,2.31E-06,1.33E-04,3.12E+00,-7.75E+01
8.58E+02,-0.625629,5.23E-05,7.52E-05,2.37E+00,-8.25E+01
8.60E+02,-0.922422,5.33E-06,4.84E-05,3.03E+00,-8.63E+01
8.63E+02,-1.345255,-1.37E-06,6.97E-05,-3.12E+00,-8.31E+01
8.65E+02,-1.340067,2.70E-07,8.36E-06,3.11E+00,-1.02E+02
8.68E+02,-1.572923,1.00E-06,1.88E-06,5.64E-01,-1.15E+02
8.70E+02,-1.402935,1.41E-05,1.31E-04,3.03E+00,-7.76E+01
8.73E+02,-1.117435,1.80E-04,1.15E-03,2.98E+00,-5.88E+01
8.75E+02,-0.79165,3.97E-05,1.10E-04,2.77E+00,-7.92E+01
8.78E+02,-0.848109,-8.06E-06,1.83E-04,-3.10E+00,-7.48E+01
8.80E+02,-0.894955,-4.97E-06,2.06E-05,-2.90E+00,-9.37E+01
8.83E+02,-1.041291,3.81E-05,4.45E-05,2.11E+00,-8.70E+01
8.85E+02,-1.330454,-2.82E-05,4.87E-05,-2.52E+00,-8.63E+01
8.88E+02,-0.871914,3.81E-05,8.06E-05,2.65E+00,-8.19E+01
8.90E+02,-0.663167,1.22E-03,4.64E-03,2.88E+00,-4.67E+01
8.93E+02,-0.991241,-1.27E-06,7.16E-05,-3.12E+00,-8.29E+01
8.95E+02,-0.620136,3.13E-05,3.69E-05,2.13E+00,-8.87E+01
8.98E+02,-0.185247,-1.51E-05,3.42E-05,-2.68E+00,-8.93E+01
9.00E+02,0.345317,-6.21E-06,2.29E-05,-2.87E+00,-9.28E+01
9.03E+02,1.118656,4.62E-06,5.66E-06,2.19E+00,-1.05E+02
9.05E+02,1.110721,-3.15E-06,6.18E-06,-2.61E+00,-1.04E+02
9.08E+02,0.889462,1.83E-05,2.76E-05,2.42E+00,-9.12E+01
9.10E+02,1.602832,1.03E-04,2.21E-04,2.66E+00,-7.31E+01
9.13E+02,0.815607,8.10E-05,2.86E-04,2.86E+00,-7.09E+01
9.15E+02,0.723441,1.39E-05,4.29E-05,2.81E+00,-8.74E+01
9.18E+02,1.239051,3.66E-06,1.69E-05,2.92E+00,-9.54E+01
9.20E+02,1.491744,1.63E-06,2.33E-05,3.07E+00,-9.26E+01
9.23E+02,1.206244,7.38E-06,1.89E-05,2.74E+00,-9.45E+01
9.25E+02,0.159917,4.64E-05,1.50E-04,2.83E+00,-7.65E+01
9.28E+02,0.113071,-5.22E-06,9.76E-06,-2.58E+00,-1.00E+02
9.30E+02,-0.509659,5.31E-05,1.02E-04,2.59E+00,-7.99E+01
9.33E+02,-0.592822,3.43E-05,8.07E-05,2.70E+00,-8.19E+01
9.35E+02,-1.112399,1.38E-04,3.23E-04,2.70E+00,-6.98E+01
9.38E+02,-0.847651,4.10E-04,4.77E-04,2.10E+00,-6.64E+01
9.40E+02,-0.238349,6.44E-06,2.01E-05,3.27E-01,-9.40E+01
9.43E+02,-0.030061,-2.98E-05,2.28E-04,-3.01E+00,-7.28E+01
9.45E+02,0.305795,2.27E-05,8.67E-05,2.88E+00,-8.12E+01
9.48E+02,-0.641346,8.85E-06,1.04E-05,2.13E+00,-9.96E+01
9.50E+02,-0.35905,5.56E-07,1.49E-06,3.83E-01,-1.17E+02
9.53E+02,-0.518509,1.71E-06,3.57E-06,5.01E-01,-1.09E+02
9.55E+02,-0.240028,3.49E-05,4.95E-05,2.36E+00,-8.61E+01
9.58E+02,-0.432295,-3.66E-07,1.73E-06,-2.13E-01,-1.15E+02
9.60E+02,-1.127964,2.20E-05,3.63E-05,2.49E+00,-8.88E+01
9.63E+02,-1.439252,3.92E-05,7.71E-05,2.61E+00,-8.23E+01
9.65E+02,-1.286507,-6.56E-05,1.44E-04,-2.67E+00,-7.69E+01
9.68E+02,-1.190984,-1.76E-06,3.63E-05,-3.09E+00,-8.88E+01
9.70E+02,-0.018159,7.04E-06,1.05E-05,7.34E-01,-9.96E+01
9.73E+02,0.443739,-1.08E-06,1.35E-05,-3.06E+00,-9.74E+01
9.75E+02,1.115909,4.55E-06,4.66E-06,1.35E+00,-1.07E+02
9.78E+02,0.944548,2.70E-05,2.84E-05,1.88E+00,-9.09E+01
9.80E+02,2.054048,2.23E-05,2.27E-05,1.38E+00,-9.29E+01
9.83E+02,1.537522,3.49E-05,3.67E-05,1.89E+00,-8.87E+01
9.85E+02,1.751457,-1.87E-05,8.03E-05,-2.91E+00,-8.19E+01
9.88E+02,2.61391,8.10E-05,8.12E-05,1.64E+00,-8.18E+01
9.90E+02,2.241431,-1.88E-06,4.12E-05,-3.10E+00,-8.77E+01
9.93E+02,1.492049,1.40E-07,4.88E-06,2.86E-02,-1.06E+02
9.95E+02,0.502792,2.18E-07,4.19E-06,3.09E+00,-1.08E+02
9.98E+02,-0.085604,1.79E-06,1.57E-05,3.03E+00,-9.61E+01
1.00E+03,-0.825525,3.62E-05,4.47E-05,2.20E+00,-8.70E+01
,-0.374767,,,,
,-0.59038,,,,
,-0.864437,,,,
,-0.896023,,,,
,-0.781884,,,,
,-0.646077,,,,
,-0.8623,,,,
,-0.945005,,,,
,-1.222419,,,,
,-0.95706,,,,
,-1.009094,,,,
,-0.935239,,,,
,-1.341593,,,,
,-1.255226,,,,
,-0.887478,,,,
,-0.220191,,,,
,-0.015412,,,,
,-0.05295,,,,
,-0.462203,,,,
,0.21897,,,,
,0.344249,,,,
,-0.006104,,,,
,0.122379,,,,
,-0.300607,,,,
,-0.882137,,,,
,-0.702536,,,,
,-0.688192,,,,
,-0.058901,,,,
,-0.554369,,,,
,-0.670797,,,,
,-0.806909,,,,
,-0.383312,,,,
,-0.628986,,,,
,-0.901059,,,,
,-0.991393,,,,
,-1.004974,,,,
,-0.792565,,,,
,-0.725272,,,,
,-0.714743,,,,
,-0.858485,,,,
,-0.665608,,,,
,-0.296792,,,,
,0.016175,,,,
,0.522324,,,,
,1.004669,,,,
,0.216529,,,,
,0.279855,,,,
,0.094302,,,,
,0.184484,,,,
,0.663777,,,,
,1.092867,,,,
,0.632191,,,,
,0.193182,,,,
,-0.743278,,,,
,-1.223639,,,,
,-1.353038,,,,
,-1.671193,,,,
,-1.020081,,,,
,-0.883358,,,,
,-0.564134,,,,
,-0.618457,,,,
,-0.666524,,,,
,-0.571612,,,,
,-0.756554,,,,
,-0.592211,,,,
,-0.424512,,,,
,-0.615711,,,,
,-1.247139,,,,
,-1.346018,,,,
,-0.777611,,,,
,-0.187384,,,,
,0.934019,,,,
,1.59566,,,,
,1.290933,,,,
,1.837519,,,,
,2.074342,,,,
,1.379284,,,,
,2.738578,,,,
,3.259681,,,,
,2.53563,,,,
,1.435895,,,,
,0.522019,,,,
,0.266884,,,,
,-0.178075,,,,
,0.168615,,,,
,0.00885,,,,
,0.219886,,,,
,0.027772,,,,
,0.25605,,,,
,0.018006,,,,
,0.129856,,,,
,-0.207373,,,,
,-0.199591,,,,
,-0.443586,,,,
,-0.507675,,,,
,-0.660268,,,,
,-1.104159,,,,
,-1.032441,,,,
,-0.912198,,,,
,-0.243995,,,,
,0.290384,,,,
,0.035859,,,,
,0.353862,,,,
,0.547807,,,,
,0.277413,,,,
,0.861079,,,,
,0.353862,,,,
,-0.176244,,,,
,-1.190374,,,,
,-1.080355,,,,
,-0.093234,,,,
,0.071566,,,,
,-0.202338,,,,
,-0.518967,,,,
,-0.270241,,,,
,-0.308847,,,,
,-0.382397,,,,
,-0.669881,,,,
,-0.824762,,,,
,-0.675985,,,,
,-0.82934,,,,
,-0.827204,,,,
,-0.893887,,,,
,-1.803949,,,,
,-0.979033,,,,
,-0.053407,,,,
,0.116275,,,,
,0.924405,,,,
,0.989868,,,,
,1.068605,,,,
,2.053437,,,,
,1.660359,,,,
,1.608478,,,,
,1.966765,,,,
,1.62862,,,,
,1.067079,,,,
,-0.166326,,,,
,-0.640126,,,,
,-1.08127,,,,
,-0.931119,,,,
,-0.869014,,,,
,-1.106448,,,,
,-1.039308,,,,
,-0.94882,,,,
,-0.875271,,,,
,-0.825983,,,,
,-0.933561,,,,
,-1.084627,,,,
,-1.462447,,,,
,-1.208533,,,,
,-0.625629,,,,
,-0.415052,,,,
,-0.204016,,,,
,-0.442976,,,,
,0.064241,,,,
,0.93585,,,,
,1.072725,,,,
,0.617847,,,,
,1.248207,,,,
,0.998413,,,,
,1.094699,,,,
,1.731467,,,,
,1.782433,,,,
,1.183507,,,,
,0.220649,,,,
,-0.120395,,,,
,0.204627,,,,
,-0.079043,,,,
,-0.575579,,,,
,-0.526749,,,,
,-0.223701,,,,
,-0.19303,,,,
,0.159307,,,,
,0.179449,,,,
,0.180975,,,,
,-0.081332,,,,
,-0.371563,,,,
,-0.912198,,,,
,-0.733207,,,,
,-0.774102,,,,
,-0.58916,,,,
,-0.622883,,,,
,-0.206305,,,,
,0.271462,,,,
,0.307932,,,,
,0.297861,,,,
,0.269784,,,,
,0.232246,,,,
,0.234535,,,,
,0.975829,,,,
,0.966521,,,,
,0.182195,,,,
,-0.727103,,,,
,-0.996276,,,,
,-0.539872,,,,
,-0.490127,,,,
,-0.440535,,,,
,-0.406049,,,,
,-0.126041,,,,
,-0.112766,,,,
,-0.291604,,,,
,-0.88641,,,,
,-0.649434,,,,
,-0.308084,,,,
,-0.079348,,,,
,-0.125126,,,,
,-0.789819,,,,
,-1.240272,,,,
,-1.408276,,,,
,-0.957823,,,,
,-0.100864,,,,
,0.114139,,,,
,0.392315,,,,
,0.587023,,,,
,1.412549,,,,
,0.96118,,,,
,1.347087,,,,
,1.237678,,,,
,0.806757,,,,
,0.310373,,,,
,-0.903653,,,,
,-0.792871,,,,
,-0.25605,,,,
,-0.359813,,,,
,-0.259407,,,,
,-0.491195,,,,
,-0.519883,,,,
,-0.327311,,,,
,-0.246895,,,,
,-0.296182,,,,
,-0.474257,,,,
,-0.800348,,,,
,-0.724051,,,,
,-0.880001,,,,
,-0.353862,,,,
,-0.811029,,,,
,-0.621051,,,,
,-0.387585,,,,
,0.358135,,,,
,1.11362,,,,
,1.01825,,,,
,0.862758,,,,
,1.525315,,,,
,1.086916,,,,
,1.571245,,,,
,2.162694,,,,
,1.161229,,,,
,0.831629,,,,
,-0.434431,,,,
,-0.502335,,,,
,-0.904874,,,,
,-0.838496,,,,
,-0.494552,,,,
,-0.655995,,,,
,-0.310831,,,,
,-0.282296,,,,
,-0.254372,,,,
,-0.077517,,,,
,-0.430311,,,,
,-0.584734,,,,
,-0.467696,,,,
,-0.769371,,,,
,-1.283761,,,,
,-1.707663,,,,
,-0.774254,,,,
,-1.046632,,,,
,0.260933,,,,
,0.949888,,,,
,0.35432,,,,
,0.898465,,,,
,1.771752,,,,
,1.230811,,,,
,1.542558,,,,
,1.715292,,,,
,0.840174,,,,
,0.39201,,,,
,-0.925779,,,,
,-0.673848,,,,
,0.589465,,,,
,0.060121,,,,
,0.309763,,,,
,0.297555,,,,
,0.620899,,,,
,0.696127,,,,
,0.143284,,,,
,-0.050966,,,,
,0.238044,,,,
,-0.149846,,,,
,0.118717,,,,
,-0.460219,,,,
,-1.072573,,,,
,-1.028016,,,,
,-1.534623,,,,
,-0.632954,,,,
,0.062716,,,,
,0.811487,,,,
,0.569323,,,,
,1.319925,,,,
,1.628925,,,,
,0.960722,,,,
,1.85934,,,,
,1.938993,,,,
,1.337473,,,,
,0.614948,,,,
,-0.552232,,,,
,-0.370037,,,,
,-0.628529,,,,
,-0.387432,,,,
,-0.549791,,,,
,-0.065462,,,,
,-0.093081,,,,
,-0.043336,,,,
,-0.428938,,,,
,-0.592822,,,,
,-1.013214,,,,
,-1.118656,,,,
,-1.179235,,,,
,-1.083254,,,,
,-1.295968,,,,
,-1.161229,,,,
,-1.333506,,,,
,-0.93173,,,,
,0.043184,,,,
,0.617542,,,,
,0.752434,,,,
,1.754814,,,,
,2.035126,,,,
,1.310312,,,,
,2.572404,,,,
,2.520218,,,,
,1.856135,,,,
,1.237373,,,,
,1.024201,,,,
,0.069887,,,,
,-0.33784,,,,
,-0.51912,,,,
,-0.908688,,,,
,-0.746788,,,,
,-0.646992,,,,
,-0.295114,,,,
,-0.415204,,,,
,-0.335398,,,,
,-0.625324,,,,
,-0.691397,,,,
,-0.949888,,,,
,-0.844752,,,,
,-1.273232,,,,
,-0.999023,,,,
,-1.061739,,,,
,-0.757317,,,,
,0.020142,,,,
,0.186621,,,,
,0.406964,,,,
,0.732444,,,,
,0.974913,,,,
,0.780358,,,,
,0.695517,,,,
,0.267647,,,,
,-0.311289,,,,
,-1.359294,,,,
,-1.173131,,,,
,-0.11948,,,,
,-0.35493,,,,
,-0.707114,,,,
,-1.051668,,,,
,-1.045411,,,,
,-0.738548,,,,
,-0.793939,,,,
,-0.833002,,,,
,-1.098971,,,,
,-1.140019,,,,
,-1.257667,,,,
,-1.091036,,,,
,-1.312753,,,,
,-1.146275,,,,
,-0.504471,,,,
,-0.310068,,,,
,-0.009003,,,,
,0.757622,,,,
,0.563982,,,,
,0.691549,,,,
,0.598926,,,,
,0.651112,,,,
,0.740226,,,,
,0.934782,,,,
,0.718711,,,,
,-0.343028,,,,
,-0.112308,,,,
,-0.798822,,,,
,-0.100864,,,,
,-0.786157,,,,
,-0.97705,,,,
,-0.999633,,,,
,-0.961028,,,,
,-0.847194,,,,
,-1.100345,,,,
,-1.24897,,,,
,-1.374248,,,,
,-1.400189,,,,
,-1.46382,,,,
,-1.070894,,,,
,-0.976897,,,,
,-0.557573,,,,
,-0.098422,,,,
,-0.088809,,,,
,1.07181,,,,
,1.723075,,,,
,1.676686,,,,
,1.313364,,,,
,1.635334,,,,
,1.111789,,,,
,1.411175,,,,
,2.702566,,,,
,2.515487,,,,
,1.511734,,,,
,1.103396,,,,
,0.403149,,,,
,-0.231483,,,,
,-0.9447,,,,
,-1.533555,,,,
,-0.861995,,,,
,-0.846583,,,,
,-0.43382,,,,
,-0.507523,,,,
,-0.781426,,,,
,-0.705435,,,,
,-1.083865,,,,
,-0.786309,,,,
,-1.361888,,,,
,-0.975066,,,,
,-0.766472,,,,
,-0.457472,,,,
,-0.285806,,,,
,0.436415,,,,
,1.156956,,,,
,0.948057,,,,
,1.159093,,,,
,1.873531,,,,
,0.812555,,,,
,1.107669,,,,
,0.837428,,,,
,0.600451,,,,
,-0.016175,,,,
,-1.130405,,,,
,-0.668508,,,,
,0.078127,,,,
,-0.260323,,,,
,-0.126804,,,,
,-0.390484,,,,
,-0.040437,,,,
,0.344554,,,,
,0.139927,,,,
,-0.260781,,,,
,-0.001984,,,,
,-0.017853,,,,
,0.159764,,,,
,-0.052644,,,,
,-0.347148,,,,
,-1.18839,,,,
,-1.337473,,,,
,-1.336558,,,,
,-0.851924,,,,
,-0.556657,,,,
,-0.609302,,,,
,-0.364849,,,,
,0.195776,,,,
,-0.034486,,,,
,0.747245,,,,
,0.84933,,,,
,-0.257576,,,,
,-0.528275,,,,
,-1.700643,,,,
,-1.41911,,,,
,-1.305887,,,,
,-1.545609,,,,
,-1.298104,,,,
,-1.268807,,,,
,-0.877712,,,,
,-0.887325,,,,
,-0.766472,,,,
,-1.048921,,,,
,-1.115604,,,,
,-0.952177,,,,
,-1.018708,,,,
,-0.576342,,,,
,-0.270241,,,,
,-0.289315,,,,
,-0.09476,,,,
,-0.499283,,,,
,1.163365,,,,
,1.797692,,,,
,1.300851,,,,
,1.828363,,,,
,2.078005,,,,
,1.217841,,,,
,1.979735,,,,
,2.055421,,,,
,1.313364,,,,
,0.757011,,,,
,0.56917,,,,
,0.423902,,,,
,-0.667745,,,,
,-0.095981,,,,
,-0.170141,,,,
,0.621662,,,,
,0.661946,,,,
,0.684225,,,,
,0.201422,,,,
,0.221717,,,,
,-0.033418,,,,
,-0.447706,,,,
,-1.065859,,,,
,-1.093173,,,,
,-0.209967,,,,
,0.958433,,,,
,0.462966,,,,
,0.332499,,,,
,1.250343,,,,
,1.589403,,,,
,1.259498,,,,
,2.30491,,,,
,2.364116,,,,
,1.681569,,,,
,2.16483,,,,
,1.568498,,,,
,0.442518,,,,
,-0.738243,,,,
,-1.473586,,,,
,-0.346995,,,,
,0.048982,,,,
,-0.267037,,,,
,-0.245064,,,,
,-0.127567,,,,
,-0.260628,,,,
,-0.35905,,,,
,-0.60686,,,,
,-0.746483,,,,
,-0.525223,,,,
,-0.642414,,,,
,-0.957365,,,,
,-1.127048,,,,
,-1.574297,,,,
,-0.534837,,,,
,-0.690939,,,,
,-0.482497,,,,
,0.538804,,,,
,0.589923,,,,
,0.410779,,,,
,1.076235,,,,
,0.755028,,,,
,0.872829,,,,
,0.981322,,,,
,0.972625,,,,
,-0.128941,,,,
,-0.211035,,,,
,-0.054628,,,,
,0.737785,,,,
,0.582293,,,,
,0.535294,,,,
,0.027161,,,,
,-0.013123,,,,
,-0.204169,,,,
,-0.431226,,,,
,-1.013519,,,,
,-0.833918,,,,
,-1.239356,,,,
,-1.089816,,,,
,-0.856502,,,,
,-0.550554,,,,
,-0.583361,,,,
,-0.167699,,,,
,-0.010071,,,,
,0.909299,,,,
,1.532181,,,,
,0.841242,,,,
,1.412244,,,,
,2.113864,,,,
,1.276741,,,,
,1.772057,,,,
,1.910916,,,,
,1.190069,,,,
,0.456404,,,,
,-0.549791,,,,
,-0.9241,,,,
,-1.499832,,,,
,-1.27369,,,,
,-1.46794,,,,
,-1.322214,,,,
,-1.38615,,,,
,-1.091799,,,,
,-0.901516,,,,
,-0.544145,,,,
,-0.62624,,,,
,-1.046327,,,,
,-1.094393,,,,
,-1.096072,,,,
,-0.876339,,,,
,-0.482803,,,,
,0.189215,,,,
,-0.146641,,,,
,0.899991,,,,
,1.371044,,,,
,0.831934,,,,
,1.415601,,,,
,2.244941,,,,
,1.655018,,,,
,2.052827,,,,
,2.000182,,,,
,0.909604,,,,
,0.269173,,,,
,-0.885952,,,,
,-1.000702,,,,
,-0.970183,,,,
,-0.540177,,,,
,-0.54094,,,,
,-0.669271,,,,
,-0.778069,,,,
,-0.740074,,,,
,-0.911588,,,,
,-0.972319,,,,
,-0.863979,,,,
,-0.892971,,,,
,-0.952025,,,,
,-1.058839,,,,
,-1.28605,,,,
,-0.786462,,,,
,-0.233009,,,,
,-0.028993,,,,
,-0.387585,,,,
,-0.483718,,,,
,-0.395367,,,,
,-0.142674,,,,
,0.263375,,,,
,-0.101474,,,,
,0.604114,,,,
,1.20899,,,,
,0.722983,,,,
,0.087283,,,,
,-0.994903,,,,
,-1.178472,,,,
,-0.976439,,,,
,-0.863368,,,,
,-0.613574,,,,
,-0.411084,,,,
,-0.025483,,,,
,0.219733,,,,
,-0.276345,,,,
,-0.678731,,,,
,-1.239051,,,,
,-1.157109,,,,
,-0.942564,,,,
,-0.4326,,,,
,-0.154881,,,,
,-0.416425,,,,
,-0.006867,,,,
,0.493179,,,,
,1.597033,,,,
,1.782433,,,,
,1.391033,,,,
,1.941129,,,,
,1.987365,,,,
,1.316263,,,,
,2.063661,,,,
,2.121036,,,,
,1.465193,,,,
,0.604266,,,,
,0.234077,,,,
,0.480666,,,,
,0.045778,,,,
,0.14481,,,,
,-0.370189,,,,
,-0.36729,,,,
,-0.712607,,,,
,-0.600909,,,,
,-0.888088,,,,
,-0.524003,,,,
,-0.317392,,,,
,0.276345,,,,
,-0.042878,,,,
,-0.890072,,,,
,-1.27018,,,,
,-0.226905,,,,
,-0.443739,,,,
,-0.043489,,,,
,0.605487,,,,
,0.918759,,,,
,1.015656,,,,
,2.036194,,,,
,1.848353,,,,
,1.443983,,,,
,2.787255,,,,
,2.18543,,,,
,1.459089,,,,
,0.317698,,,,
,-0.555132,,,,
,-0.251778,,,,
,-0.393383,,,,
,-0.010224,,,,
,-0.275124,,,,
,-0.388043,,,,
,-0.457778,,,,
,-0.554369,,,,
,-0.519883,,,,
,-0.703757,,,,
,-1.067537,,,,
,-0.6386,,,,
,-1.02771,,,,
,-1.032746,,,,
,-1.312296,,,,
,-0.933103,,,,
,-0.612659,,,,
,-0.552843,,,,
,0.879085,,,,
,0.702841,,,,
,0.442976,,,,
,0.811487,,,,
,0.806604,,,,
,0.823542,,,,
,1.541795,,,,
,1.390881,,,,
,0.445723,,,,
,-0.109714,,,,
,-0.697806,,,,
,-0.103915,,,,
,0.039216,,,,
,0.343791,,,,
,0.187384,,,,
,0.051118,,,,
,-0.208899,,,,
,-0.534837,,,,
,-0.641194,,,,
,-1.110416,,,,
,-1.608935,,,,
,-0.924558,,,,
,-0.934019,,,,
,-0.661641,,,,
,-0.822779,,,,
,-0.204169,,,,
,-0.346385,,,,
,0.404065,,,,
,1.485488,,,,
,1.333048,,,,
,1.458632,,,,
,2.53563,,,,
,1.378368,,,,
,1.847895,,,,
,2.373729,,,,
,2.093264,,,,
,1.421247,,,,
,-0.038758,,,,
,-0.562303,,,,
,-0.811029,,,,
,-0.600909,,,,
,-0.488296,,,,
,-0.159154,,,,
,-0.179144,,,,
,-0.005951,,,,
,0.02823,,,,
,-0.117496,,,,
,0.145726,,,,
,-0.135807,,,,
,-0.02884,,,,
,-0.270852,,,,
,-0.733665,,,,
,-1.205481,,,,
,-1.282998,,,,
,-1.488845,,,,
,-0.616169,,,,
,-0.16953,,,,
,0.072176,,,,
,0.463881,,,,
,1.3979,,,,
,1.373027,,,,
,1.88818,,,,
,2.217932,,,,
,1.410565,,,,
,0.838038,,,,
,-0.263222,,,,
,-0.323496,,,,
,0.02945,,,,
,0.272835,,,,
,0.749534,,,,
,0.421766,,,,
,0.728934,,,,
,0.718863,,,,
,0.311594,,,,
,-0.304575,,,,
,-0.221412,,,,
,-0.749382,,,,
,-0.787988,,,,
,-0.965758,,,,
,-1.446882,,,,
,-1.434675,,,,
,-0.73397,,,,
,-0.701468,,,,
,-0.046846,,,,
,0.348979,,,,
,0.247658,,,,
,0.64745,,,,
,0.955687,,,,
,0.69628,,,,
,0.788751,,,,
,1.019318,,,,
,0.069277,,,,
,-0.16068,,,,
,-0.415357,,,,
,-0.48677,,,,
,0.19303,,,,
,-0.268563,,,,
,0.543077,,,,
,0.281686,,,,
,0.525376,,,,
,0.487838,,,,
,-0.076907,,,,
,-0.469222,,,,
,-0.622577,,,,
,-0.947447,,,,
,-0.867794,,,,
,-0.96881,,,,
,-1.582689,,,,
,-1.10187,,,,
,-0.603046,,,,
,-0.505844,,,,
,0.693838,,,,
,1.070131,,,,
,0.985748,,,,
,1.993621,,,,
,1.725363,,,,
,1.509445,,,,
,2.336496,,,,
,2.498092,,,,
,1.764427,,,,
,0.815607,,,,
,0.318461,,,,
,-0.640583,,,,
,-0.856197,,,,
,-0.469527,,,,
,-0.723746,,,,
,-0.809503,,,,
,-0.393078,,,,
,0.149846,,,,
,0.153813,,,,
,0.507065,,,,
,0.030366,,,,
,-0.105594,,,,
,-0.776696,,,,
,-1.077608,,,,
,-1.585589,,,,
,-1.27903,,,,
,-1.629383,,,,
,-1.341441,,,,
,-0.448622,,,,
,0.272835,,,,
,0.56093,,,,
,0.973082,,,,
,0.919217,,,,
,0.540483,,,,
,0.601825,,,,
,0.458083,,,,
,0.447096,,,,
,-0.077517,,,,
,-0.559557,,,,
,-0.931272,,,,
,-1.266976,,,,
,-1.50151,,,,
,-1.184576,,,,
,-1.033662,,,,
,-0.263832,,,,
,-0.337077,,,,
,-0.487533,,,,
,-0.489822,,,,
,-0.763878,,,,
,-0.510422,,,,
,-0.586718,,,,
,-0.641804,,,,
,-1.057619,,,,
,-1.011688,,,,
,-0.430311,,,,
,0.121464,,,,
,1.194341,,,,
,1.257667,,,,
,0.631428,,,,
,1.548509,,,,
,1.223944,,,,
,0.928525,,,,
,1.710715,,,,
,1.050599,,,,
,0.260323,,,,
,-0.78692,,,,
,-1.504867,,,,
,-0.698568,,,,
,-0.843989,,,,
,-0.557115,,,,
,-0.827204,,,,
,-0.653401,,,,
,-0.600451,,,,
,-0.360423,,,,
,-0.671865,,,,
,-0.413983,,,,
,-0.678884,,,,
,-0.912808,,,,
,-0.783105,,,,
,-0.615253,,,,
,-0.894955,,,,
,-0.444197,,,,
,-0.398266,,,,
,-0.01709,,,,
,0.883511,,,,
,0.724051,,,,
,0.643483,,,,
,1.457258,,,,
,1.05594,,,,
,1.272927,,,,
,2.165898,,,,
,1.290933,,,,
,0.78402,,,,
,-0.683004,,,,
,-0.439466,,,,
,-0.357219,,,,
,-0.836512,,,,
,-0.335398,,,,
,-0.505844,,,,
,-0.139012,,,,
,-0.140538,,,,
,-0.127262,,,,
,-0.45793,,,,
,-0.260781,,,,
,-0.751365,,,,
,-0.565508,,,,
,-1.239661,,,,
,-1.276741,,,,
,-1.159856,,,,
,-0.793634,,,,
,-1.169469,,,,
,0.349132,,,,
,1.907101,,,,
,1.175115,,,,
,1.359904,,,,
,2.828149,,,,
,1.688131,,,,
,1.60802,,,,
,2.195196,,,,
,1.296273,,,,
,0.950651,,,,
,-0.227668,,,,
,-1.08127,,,,
,-0.640736,,,,
,-0.251472,,,,
,-0.398877,,,,
,0.063784,,,,
,0.0824,,,,
,0.067293,,,,
,-0.18479,,,,
,-0.66866,,,,
,-0.93646,,,,
,-1.138493,,,,
,-1.284371,,,,
,-1.163365,,,,
,-1.281167,,,,
,-0.855281,,,,
,0.177007,,,,
,0.427564,,,,
,1.01474,,,,
,0.941343,,,,
,0.777306,,,,
,0.795312,,,,
,1.286965,,,,
,0.809198,,,,
,0.825983,,,,
,1.398358,,,,
,0.584734,,,,
,-0.110935,,,,
,-0.062563,,,,
,-0.463423,,,,
,0.141301,,,,
,-0.386517,,,,
,-0.309305,,,,
,-0.295724,,,,
,0.081027,,,,
,0.607929,,,,
,0.221107,,,,
,-0.452742,,,,
,-0.464644,,,,
,-0.738548,,,,
,-0.393383,,,,
,-0.39552,,,,
,-0.930356,,,,
,-1.453596,,,,
,-0.78341,,,,
,-0.591754,,,,
,0.172887,,,,
,0.301981,,,,
,0.387127,,,,
,0.888394,,,,
,1.554002,,,,
,1.144596,,,,
,1.6863,,,,
,1.355784,,,,
,0.516373,,,,
,0.03357,,,,
,-0.970031,,,,
,-0.950651,,,,
,-0.957213,,,,
,-0.982238,,,,
,-1.063722,,,,
,-1.143986,,,,
,-0.941496,,,,
,-0.65218,,,,
,-0.53972,,,,
,-0.511795,,,,
,-0.322886,,,,
,-0.645161,,,,
,-0.693838,,,,
,-0.769371,,,,
,-0.890225,,,,
,-0.462508,,,,
,-0.23957,,,,
,-0.227821,,,,
,1.083712,,,,
,0.982391,,,,
,1.04358,,,,
,1.532792,,,,
,1.702627,,,,
,1.551255,,,,
,2.193822,,,,
,1.904812,,,,
,1.19663,,,,
,-0.286721,,,,
,-1.274453,,,,
,-0.728171,,,,
,-0.875576,,,,
,-0.536057,,,,
,-0.460066,,,,
,-0.402844,,,,
,-0.063631,,,,
,-0.185247,,,,
,-0.412,,,,
,-0.50798,,,,
,-0.887936,,,,
,-0.967742,,,,
,-0.840479,,,,
,-0.716574,,,,
,-0.367443,,,,
,0.313272,,,,
,0.232398,,,,
,0.308542,,,,
,1.512192,,,,
,1.239967,,,,
,0.668966,,,,
,1.62572,,,,
,1.515549,,,,
,0.839869,,,,
,1.335795,,,,
,1.090731,,,,
,-0.019379,,,,
,-0.02121,,,,
,-0.346538,,,,
,-0.003204,,,,
,-0.435804,,,,
,-0.491806,,,,
,-0.242012,,,,
,-0.050203,,,,
,0.664846,,,,
,0.48738,,,,
,-0.332804,,,,
,-0.509049,,,,
,-0.938444,,,,
,-0.960722,,,,
,-1.119113,,,,
,-1.045716,,,,
,-0.976745,,,,
,-0.568712,,,,
,-0.086062,,,,
,0.29313,,,,
,0.526444,,,,
,0.505844,,,,
,0.435194,,,,
,1.309701,,,,
,0.729087,,,,
,0.321665,,,,
,0.551774,,,,
,0.11948,,,,
,-0.286721,,,,
,-0.868709,,,,
,-1.001312,,,,
,-0.719931,,,,
,-1.220893,,,,
,-0.955992,,,,
,-0.827509,,,,
,-0.186468,,,,
,-0.14481,,,,
,-0.054323,,,,
,-0.548112,,,,
,-0.493637,,,,
,-0.822016,,,,
,-0.463576,,,,
,-0.83346,,,,
,-0.967742,,,,
,-0.599231,,,,
,-0.28077,,,,
,-0.762657,,,,
,-0.05295,,,,
,0.340281,,,,
,0.720237,,,,
,0.541093,,,,
,1.555223,,,,
,1.090273,,,,
,1.601153,,,,
,2.743766,,,,
,1.93823,,,,
,0.809503,,,,
,-0.048372,,,,
,-0.013886,,,,
,0.281075,,,,
,-0.056307,,,,
,-0.534074,,,,
,-0.543992,,,,
,-0.509506,,,,
,-0.301523,,,,
,-0.16007,,,,
,-0.252388,,,,
,-0.36729,,,,
,-0.571154,,,,
,-0.749687,,,,
,-0.901211,,,,
,-1.044801,,,,
,-1.511581,,,,
,-0.780511,,,,
,-1.116519,,,,
,-0.536363,,,,
,0.157323,,,,
,-0.04059,,,,
,-0.062258,,,,
,0.027161,,,,
,0.306253,,,,
,0.371715,,,,
,0.774254,,,,
,0.097507,,,,
,-0.320292,,,,
,-0.936155,,,,
,-1.118961,,,,
,-0.498062,,,,
,-0.978728,,,,
,-0.877407,,,,
,-0.713675,,,,
,-0.248115,,,,
,-0.076907,,,,
,-0.298776,,,,
,-0.406812,,,,
,-0.288705,,,,
,-0.346843,,,,
,-0.445875,,,,
,-0.144658,,,,
,-0.640431,,,,
,-0.654164,,,,
,-0.021821,,,,
,-0.230567,,,,
,0.190435,,,,
,0.672628,,,,
,0.113834,,,,
,0.134434,,,,
,0.516373,,,,
,0.326243,,,,
,0.707266,,,,
,1.397747,,,,
,0.859401,,,,
,0.033265,,,,
,-0.95645,,,,
,-1.165807,,,,
,-0.540025,,,,
,-0.835597,,,,
,-0.496078,,,,
,-0.122074,,,,
,-0.355998,,,,
,-0.255135,,,,
,-0.424055,,,,
,-0.838648,,,,
,-0.654164,,,,
,-0.837428,,,,
,-0.77868,,,,
,-1.38493,,,,
,-1.283913,,,,
,-0.335551,,,,
,-0.388806,,,,
,-0.008087,,,,
,0.983306,,,,
,1.31077,,,,
,1.455427,,,,
,1.760917,,,,
,2.251045,,,,
,1.59154,,,,
,2.134159,,,,
,2.571031,,,,
,2.193822,,,,
,1.469008,,,,
,0.09476,,,,
,0.477309,,,,
,0.366527,,,,
,0.37492,,,,
,0.18067,,,,
,0.255592,,,,
,0.171056,,,,
,0.419782,,,,
,0.089267,,,,
,0.204779,,,,
,-0.350352,,,,
,-0.558641,,,,
,-0.409863,,,,
,-1.187933,,,,
,-1.639912,,,,
,-1.425367,,,,
,-1.273232,,,,
,-1.492812,,,,
,-0.591449,,,,
,-0.164495,,,,
,0.342265,,,,
,0.831019,,,,
,1.401562,,,,
,0.60213,,,,
,1.128727,,,,
,0.92822,,,,
,0.376141,,,,
,-0.404828,,,,
,-0.920743,,,,
,0.088961,,,,
,0.186163,,,,
,0.051729,,,,
,-0.271615,,,,
,-0.419477,,,,
,-0.026093,,,,
,0.15305,,,,
,0.036317,,,,
,-0.234382,,,,
,-0.218818,,,,
,-0.423139,,,,
,-0.697958,,,,
,-0.755333,,,,
,-1.674245,,,,
,-0.555132,,,,
,0.139012,,,,
,0.276955,,,,
,0.949583,,,,
,0.715201,,,,
,0.813776,,,,
,1.799981,,,,
,1.688741,,,,
,1.336405,,,,
,2.046723,,,,
,1.384472,,,,
,0.523087,,,,
,-0.16007,,,,
,-1.247901,,,,
,-0.224006,,,,
,-0.473952,,,,
,-0.35905,,,,
,-0.187841,,,,
,-0.275277,,,,
,0.136265,,,,
,-0.054018,,,,
,-0.265053,,,,
,-0.312662,,,,
,-0.637989,,,,
,-0.648213,,,,
,-0.608844,,,,
,-0.37965,,,,
,-0.734885,,,,
,-0.492263,,,,
,-0.339061,,,,
,0.383923,,,,
,1.419568,,,,
,1.227759,,,,
,0.929288,,,,
,1.81112,,,,
,1.551866,,,,
,1.589709,,,,
,2.748801,,,,
,2.150181,,,,
,1.612445,,,,
,0.764641,,,,
,0.673391,,,,
,0.005493,,,,
,-0.009308,,,,
,-0.109867,,,,
,-0.183416,,,,
,-0.179144,,,,
,-0.092471,,,,
,0.120548,,,,
,0.069277,,,,
,0.405591,,,,
,0.054018,,,,
,-0.340892,,,,
,-0.887936,,,,
,-0.844752,,,,
,-1.035035,,,,
,-0.876797,,,,
,-1.054262,,,,
,-0.265664,,,,
,0.634174,,,,
,0.648213,,,,
,0.719474,,,,
,1.720328,,,,
,1.031525,,,,
,0.541703,,,,
,0.740379,,,,
,0.300607,,,,
,0.025025,,,,
,-0.962553,,,,
,-1.342509,,,,
,-0.338298,,,,
,-0.491195,,,,
,-0.944395,,,,
,-0.986205,,,,
,-0.427412,,,,
,0.099338,,,,
,0.361034,,,,
,-0.081332,,,,
,-0.074313,,,,
,-0.398419,,,,
,-0.574969,,,,
,-0.515152,,,,
,-1.420636,,,,
,-1.586962,,,,
,-0.715811,,,,
,-0.999633,,,,
,0.077212,,,,
,1.028168,,,,
,0.76281,,,,
,0.739311,,,,
,1.147648,,,,
,0.753654,,,,
,1.039765,,,,
,1.744437,,,,
,1.208533,,,,
,0.729087,,,,
,-0.829645,,,,
,-1.339304,,,,
,-0.039979,,,,
,-0.42558,,,,
,-0.322581,,,,
,-0.552843,,,,
,-0.186621,,,,
,-0.160375,,,,
,-0.02121,,,,
,-0.431379,,,,
,-0.330363,,,,
,-0.530106,,,,
,-0.30488,,,,
,-0.575579,,,,
,-0.668203,,,,
,-1.192968,,,,
,-1.114688,,,,
,-0.872677,,,,
,-0.029756,,,,
,0.393689,,,,
,0.158238,,,,
,0.297555,,,,
,0.644093,,,,
,0.510422,,,,
,0.958586,,,,
,1.078066,,,,
,0.885189,,,,
,0.44496,,,,
,0.333415,,,,
,-0.034486,,,,
,-0.624409,,,,
,-0.457472,,,,
,-0.650807,,,,
,-0.613269,,,,
,-0.507675,,,,
,-0.255592,,,,
,-0.113529,,,,
,0.075838,,,,
,0.027161,,,,
,-0.193487,,,,
,-0.555132,,,,
,-0.787377,,,,
,-0.728477,,,,
,-0.91937,,,,
,-1.118198,,,,
,-0.66393,,,,
,0.161901,,,,
,0.438093,,,,
,0.463576,,,,
,0.309305,,,,
,0.295877,,,,
,0.377666,,,,
,0.2678,,,,
,0.417798,,,,
,0.009003,,,,
,-0.505539,,,,
,-1.090426,,,,
,-1.150853,,,,
,-0.309305,,,,
,-0.73046,,,,
,-0.544908,,,,
,-0.496536,,,,
,-0.170293,,,,
,-0.004425,,,,
,-0.383923,,,,
,-0.343943,,,,
,-0.716574,,,,
,-0.641041,,,,
,-0.679494,,,,
,-0.900754,,,,
,-1.514328,,,,
,-1.485183,,,,
,-0.977813,,,,
,-0.548112,,,,
,0.319834,,,,
,0.554216,,,,
,0.372478,,,,
,1.177709,,,,
,1.261635,,,,
,0.833155,,,,
,1.15421,,,,
,1.037934,,,,
,0.547349,,,,
,0.316019,,,,
,-0.496078,,,,
,-0.61861,,,,
,-0.914639,,,,
,-0.610217,,,,
,-0.556505,,,,
,-0.465865,,,,
,-0.101321,,,,
,0.010987,,,,
,-0.390942,,,,
,-0.294046,,,,
,-0.863521,,,,
,-0.847804,,,,
,-1.124149,,,,
,-0.943022,,,,
,-0.828577,,,,
,-0.580309,,,,
,-0.700857,,,,
,-0.49028,,,,
,0.473189,,,,
,0.745262,,,,
,0.806604,,,,
,1.995147,,,,
,2.091585,,,,
,1.355174,,,,
,2.792443,,,,
,2.489699,,,,
,1.693319,,,,
,0.966826,,,,
,0.121311,,,,
,-0.076601,,,,
,-0.411847,,,,
,-0.050966,,,,
,-0.19715,,,,
,-0.328074,,,,
,0.219733,,,,
,0.386212,,,,
,0.177618,,,,
,0.419172,,,,
,-0.034333,,,,
,0.237129,,,,
,-0.155644,,,,
,-0.377514,,,,
,-1.266976,,,,
,-1.162907,,,,
,-1.120182,,,,
,-0.830866,,,,
,0.334178,,,,
,0.271004,,,,
,0.242317,,,,
,0.831324,,,,
,0.89465,,,,
,0.534074,,,,
,1.329996,,,,
,0.678579,,,,
,-0.197912,,,,
,-1.178319,,,,
,-1.393322,,,,
,-0.219123,,,,
,-0.353404,,,,
,-0.587939,,,,
,-0.764946,,,,
,-0.715811,,,,
,-0.773186,,,,
,-0.89114,,,,
,-0.988494,,,,
,-1.346476,,,,
,-1.345408,,,,
,-1.57094,,,,
,-1.644032,,,,
,-1.31962,,,,
,-0.645314,,,,
,0.152745,,,,
,0.135655,,,,
,0.189062,,,,
,0.979796,,,,
,0.953551,,,,
,0.764641,,,,
,0.657979,,,,
,0.714896,,,,
,0.905942,,,,
,1.530655,,,,
,1.116977,,,,
,-0.050813,,,,
,0.11887,,,,
,-0.550096,,,,
,-0.157475,,,,
,-0.66332,,,,
,-0.529343,,,,
,-0.444349,,,,
,-0.038911,,,,
,0.132603,,,,
,-0.16419,,,,
,-0.397198,,,,
,-0.653859,,,,
,-0.663014,,,,
,-1.004211,,,,
,-0.890377,,,,
,-0.689718,,,,
,-0.985442,,,,
,-0.960112,,,,
,-0.713828,,,,
,0.284585,,,,
,0.989105,,,,
,1.431775,,,,
,1.552934,,,,
,2.423321,,,,
,1.523484,,,,
,2.202062,,,,
,2.541886,,,,
,1.81402,,,,
,1.036713,,,,
,0.014496,,,,
,0.107883,,,,
,-0.516678,,,,
,-0.654622,,,,
,-1.401104,,,,
,-0.839411,,,,
,-0.653401,,,,
,-0.309305,,,,
,-0.009919,,,,
,0.029756,,,,
,0.192724,,,,
,-0.039064,,,,
,-0.200354,,,,
,-0.76342,,,,
,-1.040528,,,,
,-1.368755,,,,
,-0.773949,,,,
,-0.807062,,,,
,0.255898,,,,
,0.488143,,,,
,0.596789,,,,
,0.524613,,,,
,1.202124,,,,
,0.592822,,,,
,1.249122,,,,
,1.519669,,,,
,1.096377,,,,
,0.023194,,,,
,-1.116367,,,,
,-0.457625,,,,
,-0.00763,,,,
,-0.382397,,,,
,-0.492569,,,,
,-0.082705,,,,
,0.37553,,,,
,0.393994,,,,
,0.456099,,,,
,-0.153355,,,,
,0.157933,,,,
,0.182043,,,,
,0.378582,,,,
,-0.189215,,,,
,-0.887936,,,,
,-1.193884,,,,
,-1.558427,,,,
,-1.617938,,,,
,-0.603046,,,,
,-0.092624,,,,
,-0.357829,,,,
,-0.227058,,,,
,-0.340434,,,,
,0.229957,,,,
,0.713523,,,,
,1.138645,,,,
,0.039216,,,,
,-0.31724,,,,
,-0.709097,,,,
,-0.957671,,,,
,-0.99414,,,,
,-1.632282,,,,
,-1.14719,,,,
,-1.015503,,,,
,-0.706045,,,,
,-0.756401,,,,
,-1.154362,,,,
,-1.569109,,,,
,-1.3979,,,,
,-1.20075,,,,
,-1.5215,,,,
,-0.969115,,,,
,-0.817591,,,,
,-0.373394,,,,
,0.112918,,,,
,0.549791,,,,
,1.497238,,,,
,1.85644,,,,
,1.466719,,,,
,1.996673,,,,
,1.809137,,,,
,0.789361,,,,
,1.846674,,,,
,1.964018,,,,
,1.144596,,,,
,0.303201,,,,
,-0.561846,,,,
,-0.294809,,,,
,-0.701773,,,,
,-0.448012,,,,
,-0.286416,,,,
,-0.000763,,,,
,0.006104,,,,
,0.455946,,,,
,-0.121616,,,,
,0.247658,,,,
,0.107578,,,,
,0.063936,,,,
,-0.260933,,,,
,-0.494552,,,,
,-0.980407,,,,
,-0.742515,,,,
,-0.432295,,,,
,-0.081484,,,,
,0.921201,,,,
,1.256599,,,,
,0.938596,,,,
,1.90588,,,,
,2.120425,,,,
,1.442152,,,,
,2.128208,,,,
,1.461073,,,,
,0.781884,,,,
,-0.451521,,,,
,-1.318552,,,,
,-0.296335,,,,
,-0.604571,,,,
,-0.142521,,,,
,-0.60213,,,,
,-0.609302,,,,
